,time,bl_r,bl_l,bl_a,ga_r,ga_l,ga_a
0,2019-05-18 19:28:30.077497,2.8085583490467134,2.85869395835598,2.8336261537013465,0.740506329113924,0.9877300613496932,0.8641181952318087
1,2019-05-18 19:28:30.224641,2.6508540184301035,2.703764935712091,2.6773094770710975,0.8383233532934131,1.1575757575757575,0.9979495554345853
2,2019-05-18 19:28:30.293661,2.6508540184301035,2.703764935712091,2.6773094770710975,0.8383233532934131,1.1575757575757575,0.9979495554345853
3,2019-05-18 19:28:30.362664,2.8085583490467134,2.7202941017470885,2.764426225396901,0.7337278106508875,1.0866666666666667,0.9101972386587771
4,2019-05-18 19:28:30.425171,2.8085583490467134,2.7202941017470885,2.764426225396901,0.7337278106508875,1.0866666666666667,0.9101972386587771
5,2019-05-18 19:28:30.478568,2.8085583490467134,2.5954742315204147,2.702016290283564,0.7633136094674556,0.9685534591194969,0.8659335342934762
6,2019-05-18 19:28:30.625742,2.581116456528485,2.9476303347204063,2.7643733956244456,0.7093023255813954,1.0943396226415094,0.9018209741114525
7,2019-05-18 19:28:30.679141,2.581116456528485,2.9476303347204063,2.7643733956244456,0.7093023255813954,1.0943396226415094,0.9018209741114525
8,2019-05-18 19:28:30.757261,2.896894889359985,2.7202941017470885,2.8085944955535367,0.7928994082840237,1.1503267973856208,0.9716131028348223
9,2019-05-18 19:28:30.826283,2.896894889359985,2.7202941017470885,2.8085944955535367,0.7928994082840237,1.1503267973856208,0.9716131028348223
10,2019-05-18 19:28:30.895292,2.8406391480141875,2.7202941017470885,2.780466624880638,0.8224852071005917,1.1005917159763314,0.9615384615384616
11,2019-05-18 19:28:30.964306,2.8406391480141875,2.7202941017470885,2.780466624880638,0.8224852071005917,1.1005917159763314,0.9615384615384616
12,2019-05-18 19:28:31.026815,2.5954742315204147,2.9656503447326883,2.7805622881265517,0.7582417582417582,1.1372549019607843,0.9477483301012712
13,2019-05-18 19:28:31.096812,2.5954742315204147,2.9656503447326883,2.7805622881265517,0.7582417582417582,1.1372549019607843,0.9477483301012712
14,2019-05-18 19:28:31.161734,2.896894889359985,2.9476303347204063,2.9222626120401953,0.8117647058823529,1.0943396226415094,0.9530521642619312
15,2019-05-18 19:28:31.293267,2.6622993516578557,2.692582403567252,2.677440877612554,0.8351648351648352,1.1325301204819278,0.9838474778233814
16,2019-05-18 19:28:31.362279,2.6622993516578557,2.692582403567252,2.677440877612554,0.8351648351648352,1.1325301204819278,0.9838474778233814
17,2019-05-18 19:28:31.431296,2.387346218150589,2.6762216205243847,2.531783919337487,0.7759562841530054,1.1124260355029585,0.944191159827982
18,2019-05-18 19:28:31.509421,2.387346218150589,2.6762216205243847,2.531783919337487,0.7759562841530054,1.1124260355029585,0.944191159827982
19,2019-05-18 19:28:31.562818,2.6622993516578557,2.692582403567252,2.677440877612554,0.8186813186813187,1.0508474576271187,0.9347643881542187
20,2019-05-18 19:28:31.694334,2.6622993516578557,2.6762216205243847,2.66926048609112,0.8241758241758241,1.0857142857142856,0.9549450549450549
21,2019-05-18 19:28:31.747729,2.6622993516578557,2.6762216205243847,2.66926048609112,0.8241758241758241,1.0857142857142856,0.9549450549450549
22,2019-05-18 19:28:31.816733,2.6071796295834764,2.497057091387191,2.5521183604853337,0.92,1.1818181818181819,1.050909090909091
23,2019-05-18 19:28:31.897124,2.6071796295834764,2.497057091387191,2.5521183604853337,0.92,1.1818181818181819,1.050909090909091
24,2019-05-18 19:28:31.948015,2.6622993516578557,2.6762216205243847,2.66926048609112,0.8066298342541437,1.1124260355029585,0.959527934878551
25,2019-05-18 19:28:32.095177,2.896894889359985,2.6762216205243847,2.786558254942185,0.8224852071005917,1.1124260355029585,0.9674556213017751
26,2019-05-18 19:28:32.164193,2.896894889359985,2.6762216205243847,2.786558254942185,0.8224852071005917,1.1124260355029585,0.9674556213017751
27,2019-05-18 19:28:32.233206,2.581116456528485,2.692582403567252,2.636849430047868,0.7540983606557377,1.1699346405228759,0.9620165005893068
28,2019-05-18 19:28:32.295704,2.581116456528485,2.692582403567252,2.636849430047868,0.7540983606557377,1.1699346405228759,0.9620165005893068
29,2019-05-18 19:28:32.349097,2.581116456528485,2.4006261225661154,2.4908712895473,0.7900552486187845,0.9740932642487047,0.8820742564337446
30,2019-05-18 19:28:32.418159,2.581116456528485,2.4006261225661154,2.4908712895473,0.7900552486187845,0.9740932642487047,0.8820742564337446
31,2019-05-18 19:28:32.495395,2.6508540184301035,2.6076809620810595,2.6292674902555815,0.8983050847457628,1.0114285714285713,0.954866828087167
32,2019-05-18 19:28:32.548778,2.6508540184301035,2.6076809620810595,2.6292674902555815,0.8983050847457628,1.0114285714285713,0.954866828087167
33,2019-05-18 19:28:32.626911,2.6622993516578557,2.5954742315204147,2.628886791589135,0.7988165680473372,1.01840490797546,0.9086107380113986
34,2019-05-18 19:28:32.695926,2.6622993516578557,2.5954742315204147,2.628886791589135,0.7988165680473372,1.01840490797546,0.9086107380113986
35,2019-05-18 19:28:32.749302,2.581116456528485,2.85869395835598,2.7199052074422325,0.7621951219512195,1.0440251572327044,0.903110139591962
36,2019-05-18 19:28:32.811806,2.581116456528485,2.85869395835598,2.7199052074422325,0.7621951219512195,1.0440251572327044,0.903110139591962
37,2019-05-18 19:28:32.895531,2.526978613885104,2.689699380715378,2.608338997300241,0.7660818713450293,1.1806451612903226,0.9733635163176759
38,2019-05-18 19:28:32.965051,2.526978613885104,2.689699380715378,2.608338997300241,0.7660818713450293,1.1806451612903226,0.9733635163176759
39,2019-05-18 19:28:33.027548,2.581116456528485,2.3764256445196508,2.4787710505240677,0.7747252747252747,0.9371428571428572,0.855934065934066
40,2019-05-18 19:28:33.080932,2.581116456528485,2.3764256445196508,2.4787710505240677,0.7747252747252747,0.9371428571428572,0.855934065934066
41,2019-05-18 19:28:33.149939,2.462434530100019,2.6762216205243847,2.569328075312202,0.8941798941798942,1.1301775147928994,1.0121787044863968
42,2019-05-18 19:28:33.212447,2.462434530100019,2.6762216205243847,2.569328075312202,0.8941798941798942,1.1301775147928994,1.0121787044863968
43,2019-05-18 19:28:33.297092,2.387346218150589,2.4753116228179843,2.4313289204842867,0.73224043715847,1.136094674556213,0.9341675558573415
44,2019-05-18 19:28:33.360619,2.387346218150589,2.4753116228179843,2.4313289204842867,0.73224043715847,1.136094674556213,0.9341675558573415
45,2019-05-18 19:28:33.417508,2.6622993516578557,2.703764935712091,2.683032143684973,0.8685714285714285,1.1575757575757575,1.013073593073593
46,2019-05-18 19:28:33.486526,2.6622993516578557,2.703764935712091,2.683032143684973,0.8685714285714285,1.1575757575757575,1.013073593073593
47,2019-05-18 19:28:33.571159,2.569309508671805,2.5257296658248256,2.547519587248315,0.7853107344632768,1.0612244897959184,0.9232676121295976
48,2019-05-18 19:28:33.633669,2.569309508671805,2.5257296658248256,2.547519587248315,0.7853107344632768,1.0612244897959184,0.9232676121295976
49,2019-05-18 19:28:33.702689,2.7957110008010484,2.503790230279162,2.649750615540105,0.8,1.0758620689655172,0.9379310344827586
50,2019-05-18 19:28:33.765185,2.7957110008010484,2.503790230279162,2.649750615540105,0.8,1.0758620689655172,0.9379310344827586
51,2019-05-18 19:28:33.818572,2.6508540184301035,2.595752498695274,2.6233032585626885,0.7724550898203593,1.0628930817610063,0.9176740857906828
52,2019-05-18 19:28:33.887590,2.6508540184301035,2.595752498695274,2.6233032585626885,0.7724550898203593,1.0628930817610063,0.9176740857906828
53,2019-05-18 19:28:33.972225,2.919690080117139,2.6076809620810595,2.763685521099099,0.8266666666666667,1.0,0.9133333333333333
54,2019-05-18 19:28:34.034736,2.919690080117139,2.6076809620810595,2.763685521099099,0.8266666666666667,1.0,0.9133333333333333
55,2019-05-18 19:28:34.088126,2.884441020371191,2.595752498695274,2.7400967595332326,0.8181818181818182,1.0,0.9090909090909092
56,2019-05-18 19:28:34.166251,2.884441020371191,2.595752498695274,2.7400967595332326,0.8181818181818182,1.0,0.9090909090909092
57,2019-05-18 19:28:34.219645,2.581116456528485,2.462434530100019,2.521775493314252,0.7602339181286549,1.0662650602409638,0.9132494891848093
58,2019-05-18 19:28:34.288662,2.581116456528485,2.462434530100019,2.521775493314252,0.7602339181286549,1.0662650602409638,0.9132494891848093
59,2019-05-18 19:28:34.373290,2.7957110008010484,2.6781362536479443,2.7369236272244963,0.7633136094674556,1.0116279069767442,0.8874707582221
60,2019-05-18 19:28:34.435798,2.7957110008010484,2.6781362536479443,2.7369236272244963,0.7633136094674556,1.0116279069767442,0.8874707582221
61,2019-05-18 19:28:34.504810,2.581116456528485,2.321257265819032,2.4511868611737584,0.7909604519774012,1.0943396226415094,0.9426500373094553
62,2019-05-18 19:28:34.567308,2.581116456528485,2.321257265819032,2.4511868611737584,0.7909604519774012,1.0943396226415094,0.9426500373094553
63,2019-05-18 19:28:34.620702,2.707027890510181,2.5148209328547284,2.6109244116824546,0.8598726114649682,1.2142857142857142,1.037079162875341
64,2019-05-18 19:28:34.689726,2.707027890510181,2.5148209328547284,2.6109244116824546,0.8598726114649682,1.2142857142857142,1.037079162875341
65,2019-05-18 19:28:34.774358,2.526978613885104,2.622186505374001,2.5745825596295524,0.7845303867403315,1.047337278106509,0.9159338324234202
66,2019-05-18 19:28:34.836865,2.526978613885104,2.622186505374001,2.5745825596295524,0.7845303867403315,1.047337278106509,0.9159338324234202
67,2019-05-18 19:28:34.905887,2.707027890510181,2.7401088885866334,2.723568389548407,0.8535031847133758,1.1142857142857143,0.9838944494995451
68,2019-05-18 19:28:34.968385,2.707027890510181,2.7401088885866334,2.723568389548407,0.8535031847133758,1.1142857142857143,0.9838944494995451
69,2019-05-18 19:28:35.021780,2.569309508671805,2.5954742315204147,2.58239187009611,0.7964071856287425,0.9830508474576272,0.8897290165431848
70,2019-05-18 19:28:35.097376,2.569309508671805,2.5954742315204147,2.58239187009611,0.7964071856287425,0.9830508474576272,0.8897290165431848
71,2019-05-18 19:28:35.172413,2.569309508671805,2.397302405523636,2.4833059570977207,0.7426900584795322,0.9709302325581395,0.8568101455188358
72,2019-05-18 19:28:35.241435,2.569309508671805,2.397302405523636,2.4833059570977207,0.7426900584795322,0.9709302325581395,0.8568101455188358
73,2019-05-18 19:28:35.303932,2.6622993516578557,2.6781362536479443,2.6702178026528998,0.8287292817679558,1.062857142857143,0.9457932123125494
74,2019-05-18 19:28:35.357326,2.6622993516578557,2.6781362536479443,2.6702178026528998,0.8287292817679558,1.062857142857143,0.9457932123125494
75,2019-05-18 19:28:35.426327,2.6622993516578557,2.689699380715378,2.675999366186617,0.8100558659217877,1.0116279069767442,0.910841886449266
76,2019-05-18 19:28:35.488836,2.6622993516578557,2.689699380715378,2.675999366186617,0.8100558659217877,1.0116279069767442,0.910841886449266
77,2019-05-18 19:28:35.573479,2.526978613885104,2.6622993516578557,2.59463898277148,0.7624309392265194,1.0914285714285714,0.9269297553275454
78,2019-05-18 19:28:35.626859,2.526978613885104,2.6622993516578557,2.59463898277148,0.7624309392265194,1.0914285714285714,0.9269297553275454
79,2019-05-18 19:28:35.689370,2.5385910352879697,2.6762216205243847,2.607406327906177,0.7679558011049724,1.1124260355029585,0.9401909183039654
80,2019-05-18 19:28:35.758390,2.5385910352879697,2.6762216205243847,2.607406327906177,0.7679558011049724,1.1124260355029585,0.9401909183039654
81,2019-05-18 19:28:35.827398,2.7957110008010484,2.707027890510181,2.7513694456556146,0.8181818181818182,1.0516129032258064,0.9348973607038122
82,2019-05-18 19:28:35.889909,2.7957110008010484,2.707027890510181,2.7513694456556146,0.8181818181818182,1.0516129032258064,0.9348973607038122
83,2019-05-18 19:28:35.974555,3.0650009411468004,2.8428800912305032,2.953940516188652,0.7763157894736842,1.0833333333333333,0.9298245614035088
84,2019-05-18 19:28:36.027937,3.0650009411468004,2.8428800912305032,2.953940516188652,0.7763157894736842,1.0833333333333333,0.9298245614035088
85,2019-05-18 19:28:36.090447,2.569309508671805,2.473387769603369,2.521348639137587,0.6842105263157895,1.0290697674418605,0.856640146878825
86,2019-05-18 19:28:36.159469,2.569309508671805,2.473387769603369,2.521348639137587,0.6842105263157895,1.0290697674418605,0.856640146878825
87,2019-05-18 19:28:36.244101,2.7957110008010484,2.5864367713929894,2.691073886097019,0.7548387096774194,0.9936305732484076,0.8742346414629135
88,2019-05-18 19:28:36.306604,2.7957110008010484,2.5864367713929894,2.691073886097019,0.7548387096774194,0.9936305732484076,0.8742346414629135
89,2019-05-18 19:28:36.359987,2.526978613885104,2.595752498695274,2.561365556290189,0.7734806629834254,1.0121951219512195,0.8928378924673225
90,2019-05-18 19:28:36.428995,2.526978613885104,2.595752498695274,2.561365556290189,0.7734806629834254,1.0121951219512195,0.8928378924673225
91,2019-05-18 19:28:36.491501,2.387346218150589,2.473387769603369,2.430366993876979,0.7835051546391752,1.08,0.9317525773195876
92,2019-05-18 19:28:36.560517,2.387346218150589,2.473387769603369,2.430366993876979,0.7835051546391752,1.08,0.9317525773195876
93,2019-05-18 19:28:36.645157,2.3764256445196508,2.513412297914997,2.444918971217324,0.7597765363128491,1.1266666666666667,0.9432216014897579
94,2019-05-18 19:28:36.707657,2.3764256445196508,2.513412297914997,2.444918971217324,0.7597765363128491,1.1266666666666667,0.9432216014897579
95,2019-05-18 19:28:36.776688,2.7540180436256017,2.829875743086872,2.791946893356237,0.7633136094674556,0.9583333333333334,0.8608234714003945
96,2019-05-18 19:28:36.830070,2.7540180436256017,2.829875743086872,2.791946893356237,0.7633136094674556,0.9583333333333334,0.8608234714003945
97,2019-05-18 19:28:36.892577,2.7957110008010484,2.4782840619856095,2.636997531393329,0.7654320987654321,1.0758620689655172,0.9206470838654746
98,2019-05-18 19:28:36.961592,2.7957110008010484,2.4782840619856095,2.636997531393329,0.7654320987654321,1.0758620689655172,0.9206470838654746
99,2019-05-18 19:28:37.046235,2.581116456528485,2.581116456528485,2.581116456528485,0.768361581920904,1.029585798816568,0.898973690368736
100,2019-05-18 19:28:37.108733,2.581116456528485,2.581116456528485,2.581116456528485,0.768361581920904,1.029585798816568,0.898973690368736
101,2019-05-18 19:28:37.177765,2.4588110203891085,2.513412297914997,2.4861116591520527,0.8452380952380952,1.1575342465753424,1.0013861709067189
102,2019-05-18 19:28:37.231142,2.4588110203891085,2.513412297914997,2.4861116591520527,0.8452380952380952,1.1575342465753424,1.0013861709067189
103,2019-05-18 19:28:37.293649,2.6544592379906398,2.707027890510181,2.6807435642504105,0.8356164383561644,1.129251700680272,0.9824340695182182
104,2019-05-18 19:28:37.362674,2.6544592379906398,2.707027890510181,2.6807435642504105,0.8356164383561644,1.129251700680272,0.9824340695182182
105,2019-05-18 19:28:37.447320,2.4588110203891085,2.595752498695274,2.5272817595421913,0.875,1.022857142857143,0.9489285714285715
106,2019-05-18 19:28:37.509818,2.4588110203891085,2.595752498695274,2.5272817595421913,0.875,1.022857142857143,0.9489285714285715
107,2019-05-18 19:28:37.578839,2.342811141544239,2.4083189157584592,2.375565028651349,0.8238341968911918,0.9725274725274725,0.8981808347093321
108,2019-05-18 19:28:37.644342,2.342811141544239,2.4083189157584592,2.375565028651349,0.8238341968911918,0.9725274725274725,0.8981808347093321
109,2019-05-18 19:28:37.712716,2.5385910352879697,2.387346218150589,2.462968626719279,0.7900552486187845,1.0240963855421688,0.9070758170804767
110,2019-05-18 19:28:37.775031,2.5385910352879697,2.387346218150589,2.462968626719279,0.7900552486187845,1.0240963855421688,0.9070758170804767
111,2019-05-18 19:28:37.840038,2.581116456528485,2.4518484238715934,2.516482440200039,0.8021978021978022,1.08,0.9410989010989012
112,2019-05-18 19:28:37.908818,2.581116456528485,2.4518484238715934,2.516482440200039,0.8021978021978022,1.08,0.9410989010989012
113,2019-05-18 19:28:37.971312,2.7202941017470885,2.7401088885866334,2.730201495166861,0.7328767123287672,1.0757575757575757,0.9043171440431714
114,2019-05-18 19:28:38.040334,2.7202941017470885,2.7401088885866334,2.730201495166861,0.7328767123287672,1.0757575757575757,0.9043171440431714
115,2019-05-18 19:28:38.093715,2.387346218150589,2.397302405523636,2.3923243118371125,0.7628865979381443,1.0216216216216216,0.892254109779883
116,2019-05-18 19:28:38.156223,2.387346218150589,2.397302405523636,2.3923243118371125,0.7628865979381443,1.0216216216216216,0.892254109779883
117,2019-05-18 19:28:38.240863,2.581116456528485,2.4083189157584592,2.4947176861434723,0.7790055248618785,1.0342857142857143,0.9066456195737964
118,2019-05-18 19:28:38.306435,2.581116456528485,2.4083189157584592,2.4947176861434723,0.7790055248618785,1.0342857142857143,0.9066456195737964
119,2019-05-18 19:28:38.371350,2.581116456528485,2.4518484238715934,2.516482440200039,0.7237569060773481,1.0290697674418605,0.8764133367596043
120,2019-05-18 19:28:38.424728,2.581116456528485,2.4518484238715934,2.516482440200039,0.7237569060773481,1.0290697674418605,0.8764133367596043
121,2019-05-18 19:28:38.502859,2.650394341213101,2.7401088885866334,2.695251614899867,0.6938775510204082,1.1818181818181819,0.9378478664192951
122,2019-05-18 19:28:38.556254,2.650394341213101,2.7401088885866334,2.695251614899867,0.6938775510204082,1.1818181818181819,0.9378478664192951
123,2019-05-18 19:28:38.640895,2.569309508671805,2.321257265819032,2.4452833872454187,0.7966101694915254,1.0943396226415094,0.9454748960665174
124,2019-05-18 19:28:38.703396,2.569309508671805,2.321257265819032,2.4452833872454187,0.7966101694915254,1.0943396226415094,0.9454748960665174
125,2019-05-18 19:28:38.772411,2.3764256445196508,2.397302405523636,2.3868640250216435,0.7823834196891192,1.0285714285714285,0.9054774241302739
126,2019-05-18 19:28:38.841427,2.3764256445196508,2.397302405523636,2.3868640250216435,0.7823834196891192,1.0285714285714285,0.9054774241302739
127,2019-05-18 19:28:38.926061,2.581116456528485,2.462434530100019,2.521775493314252,0.7513812154696132,1.0662650602409638,0.9088231378552885
128,2019-05-18 19:28:38.988568,2.581116456528485,2.462434530100019,2.521775493314252,0.7513812154696132,1.0662650602409638,0.9088231378552885
129,2019-05-18 19:28:39.057579,2.4782840619856095,2.321257265819032,2.399770663902321,0.8364779874213837,1.050314465408805,0.9433962264150944
130,2019-05-18 19:28:39.173474,2.3535772438347182,2.4083189157584592,2.380948079796589,0.788659793814433,1.0060240963855422,0.8973419450999875
131,2019-05-18 19:28:39.226853,2.3535772438347182,2.4083189157584592,2.380948079796589,0.788659793814433,1.0060240963855422,0.8973419450999875
132,2019-05-18 19:28:39.320610,2.7202941017470885,2.581116456528485,2.650705279137787,0.7834394904458599,1.0314465408805031,0.9074430156631815
133,2019-05-18 19:28:39.374000,2.7202941017470885,2.581116456528485,2.650705279137787,0.7834394904458599,1.0314465408805031,0.9074430156631815
134,2019-05-18 19:28:39.443019,2.3535772438347182,2.6076809620810595,2.480629102957889,0.7595628415300546,1.0114285714285713,0.885495706479313
135,2019-05-18 19:28:39.505515,2.3535772438347182,2.6076809620810595,2.480629102957889,0.7595628415300546,1.0114285714285713,0.885495706479313
136,2019-05-18 19:28:39.574532,2.8085583490467134,2.595752498695274,2.7021554238709937,0.7218934911242604,0.967948717948718,0.8449211045364892
137,2019-05-18 19:28:39.627914,2.8085583490467134,2.595752498695274,2.7021554238709937,0.7218934911242604,0.967948717948718,0.8449211045364892
138,2019-05-18 19:28:39.721671,2.569309508671805,2.6508540184301035,2.610081763550954,0.7909604519774012,1.1132075471698113,0.9520839995736062
139,2019-05-18 19:28:39.790682,2.569309508671805,2.6508540184301035,2.610081763550954,0.7909604519774012,1.1132075471698113,0.9520839995736062
140,2019-05-18 19:28:39.850595,2.6508540184301035,2.5864367713929894,2.6186453949115465,0.7844311377245509,0.9936305732484076,0.8890308554864792
141,2019-05-18 19:28:39.966175,2.4588110203891085,2.5257296658248256,2.4922703431069673,0.8571428571428571,1.1133333333333333,0.9852380952380952
142,2019-05-18 19:28:40.035189,2.4588110203891085,2.5257296658248256,2.4922703431069673,0.8571428571428571,1.1133333333333333,0.9852380952380952
143,2019-05-18 19:28:40.119820,2.387346218150589,2.421715483361524,2.4045308507560565,0.7731958762886598,1.0710059171597632,0.9221008967242115
144,2019-05-18 19:28:40.182326,2.387346218150589,2.421715483361524,2.4045308507560565,0.7731958762886598,1.0710059171597632,0.9221008967242115
145,2019-05-18 19:28:40.251344,2.569309508671805,2.595752498695274,2.5825310036835396,0.7425149700598802,0.9936305732484076,0.8680727716541439
146,2019-05-18 19:28:40.320344,2.569309508671805,2.595752498695274,2.5825310036835396,0.7425149700598802,0.9936305732484076,0.8680727716541439
147,2019-05-18 19:28:40.367230,2.741420182202031,2.397302405523636,2.5693612938628334,0.7810650887573964,0.9709302325581395,0.875997660657768
148,2019-05-18 19:28:40.514393,2.581116456528485,2.8428800912305032,2.711998273879494,0.7237569060773481,0.9877300613496932,0.8557434837135207
149,2019-05-18 19:28:40.567783,2.581116456528485,2.8428800912305032,2.711998273879494,0.7237569060773481,0.9877300613496932,0.8557434837135207
150,2019-05-18 19:28:40.636808,2.8085583490467134,2.689699380715378,2.7491288648810457,0.7633136094674556,1.0512820512820513,0.9072978303747534
151,2019-05-18 19:28:40.699306,2.8085583490467134,2.689699380715378,2.7491288648810457,0.7633136094674556,1.0512820512820513,0.9072978303747534
152,2019-05-18 19:28:40.768322,2.581116456528485,2.4083189157584592,2.4947176861434723,0.7348066298342542,1.0060240963855422,0.8704153631098982
153,2019-05-18 19:28:40.837341,2.581116456528485,2.4083189157584592,2.4947176861434723,0.7348066298342542,1.0060240963855422,0.8704153631098982
154,2019-05-18 19:28:40.911199,2.4588110203891085,2.513412297914997,2.4861116591520527,0.8571428571428571,1.084848484848485,0.9709956709956711
155,2019-05-18 19:28:40.984221,2.4588110203891085,2.513412297914997,2.4861116591520527,0.8571428571428571,1.084848484848485,0.9709956709956711
156,2019-05-18 19:28:41.037616,2.7202941017470885,2.595752498695274,2.6580233002211813,0.7770700636942676,0.9936305732484076,0.8853503184713376
157,2019-05-18 19:28:41.100115,2.7202941017470885,2.595752498695274,2.6580233002211813,0.7770700636942676,0.9936305732484076,0.8853503184713376
158,2019-05-18 19:28:41.169132,2.8706070116587914,2.7856776554368237,2.8281423335478078,0.7931034482758621,0.9586206896551724,0.8758620689655172
159,2019-05-18 19:28:41.232617,2.8706070116587914,2.7856776554368237,2.8281423335478078,0.7931034482758621,0.9586206896551724,0.8758620689655172
160,2019-05-18 19:28:41.320773,2.5385910352879697,2.4083189157584592,2.4734549755232145,0.7790055248618785,1.0060240963855422,0.8925148106237104
161,2019-05-18 19:28:41.374160,2.5385910352879697,2.4083189157584592,2.4734549755232145,0.7790055248618785,1.0060240963855422,0.8925148106237104
162,2019-05-18 19:28:41.443163,2.581116456528485,2.8241812972966165,2.7026488769125505,0.8044692737430168,1.0188679245283019,0.9116685991356593
163,2019-05-18 19:28:41.505670,2.581116456528485,2.8241812972966165,2.7026488769125505,0.8044692737430168,1.0188679245283019,0.9116685991356593
164,2019-05-18 19:28:41.590316,2.707027890510181,2.421170990557511,2.564099440533846,0.8734177215189873,0.9473684210526315,0.9103930712858095
165,2019-05-18 19:28:41.643701,2.707027890510181,2.421170990557511,2.564099440533846,0.8734177215189873,0.9473684210526315,0.9103930712858095
166,2019-05-18 19:28:41.721837,2.3667080913248437,2.5257296658248256,2.4462188785748347,0.7953216374269005,1.1133333333333333,0.9543274853801169
167,2019-05-18 19:28:41.775224,2.3667080913248437,2.5257296658248256,2.4462188785748347,0.7953216374269005,1.1133333333333333,0.9543274853801169
168,2019-05-18 19:28:41.844231,2.6622993516578557,2.397302405523636,2.5298008785907458,0.8531073446327684,0.9709302325581395,0.9120187885954539
169,2019-05-18 19:28:41.906737,2.6622993516578557,2.397302405523636,2.5298008785907458,0.8531073446327684,0.9709302325581395,0.9120187885954539
170,2019-05-18 19:28:41.975757,2.7364210202379313,2.5257296658248256,2.6310753430313785,0.7721518987341772,1.1133333333333333,0.9427426160337553
171,2019-05-18 19:28:42.044764,2.7364210202379313,2.5257296658248256,2.6310753430313785,0.7721518987341772,1.1133333333333333,0.9427426160337553
172,2019-05-18 19:28:42.107271,2.581116456528485,2.3886988828525824,2.484907669690534,0.8268156424581006,0.9766081871345029,0.9017119147963018
173,2019-05-18 19:28:42.176294,2.581116456528485,2.3886988828525824,2.484907669690534,0.8268156424581006,0.9766081871345029,0.9017119147963018
174,2019-05-18 19:28:42.245301,2.8085583490467134,2.829875743086872,2.8192170460667927,0.7757575757575758,1.0833333333333333,0.9295454545454545
175,2019-05-18 19:28:42.307806,2.8085583490467134,2.829875743086872,2.8192170460667927,0.7757575757575758,1.0833333333333333,0.9295454545454545
176,2019-05-18 19:28:42.392453,2.4063542009730283,2.4063542009730283,2.4063542009730283,0.73125,0.9795918367346939,0.8554209183673469
177,2019-05-18 19:28:42.445830,2.4063542009730283,2.4063542009730283,2.4063542009730283,0.73125,0.9795918367346939,0.8554209183673469
178,2019-05-18 19:28:42.508336,2.7957110008010484,2.5864367713929894,2.691073886097019,0.7548387096774194,0.9936305732484076,0.8742346414629135
179,2019-05-18 19:28:42.577350,2.7957110008010484,2.5864367713929894,2.691073886097019,0.7548387096774194,0.9936305732484076,0.8742346414629135
180,2019-05-18 19:28:42.646363,2.8085583490467134,2.6781362536479443,2.743347301347329,0.7633136094674556,1.10625,0.9347818047337277
181,2019-05-18 19:28:42.708871,2.8085583490467134,2.6781362536479443,2.743347301347329,0.7633136094674556,1.10625,0.9347818047337277
182,2019-05-18 19:28:42.777883,2.526978613885104,2.5257296658248256,2.5263541398549645,0.7734806629834254,1.1133333333333333,0.9434069981583794
183,2019-05-18 19:28:42.862524,2.526978613885104,2.5257296658248256,2.5263541398549645,0.7734806629834254,1.1133333333333333,0.9434069981583794
184,2019-05-18 19:28:42.925024,2.5,2.321257265819032,2.410628632909516,0.8214285714285714,1.050314465408805,0.9358715184186882
185,2019-05-18 19:28:43.047466,2.7957110008010484,2.503790230279162,2.649750615540105,0.8121212121212121,1.054054054054054,0.933087633087633
186,2019-05-18 19:28:43.094351,2.7957110008010484,2.503790230279162,2.649750615540105,0.8121212121212121,1.054054054054054,0.933087633087633
187,2019-05-18 19:28:43.178985,2.5,2.581116456528485,2.5405582282642425,0.7924528301886793,0.9743589743589743,0.8834059022738268
188,2019-05-18 19:28:43.247997,2.5,2.581116456528485,2.5405582282642425,0.7924528301886793,0.9743589743589743,0.8834059022738268
189,2019-05-18 19:28:43.310503,2.4276034328049323,2.397302405523636,2.4124529191642843,0.8835978835978836,1.0,0.9417989417989419
190,2019-05-18 19:28:43.379515,2.4276034328049323,2.397302405523636,2.4124529191642843,0.8835978835978836,1.0,0.9417989417989419
191,2019-05-18 19:28:43.448524,2.4468199984010193,2.245256437600889,2.3460382180009542,0.8809523809523809,0.9938271604938271,0.937389770723104
192,2019-05-18 19:28:43.495406,2.4468199984010193,2.245256437600889,2.3460382180009542,0.8809523809523809,0.9938271604938271,0.937389770723104
193,2019-05-18 19:28:43.580046,2.569309508671805,2.6781362536479443,2.6237228811598747,0.7159763313609467,1.044871794871795,0.8804240631163709
194,2019-05-18 19:28:43.649056,2.569309508671805,2.6781362536479443,2.6237228811598747,0.7159763313609467,1.044871794871795,0.8804240631163709
195,2019-05-18 19:28:43.711565,2.707027890510181,2.513412297914997,2.610220094212589,0.881578947368421,1.0612244897959184,0.9714017185821697
196,2019-05-18 19:28:43.780580,2.707027890510181,2.513412297914997,2.610220094212589,0.881578947368421,1.0612244897959184,0.9714017185821697
197,2019-05-18 19:28:43.843077,2.569309508671805,2.6781362536479443,2.6237228811598747,0.7724550898203593,1.1612903225806452,0.9668727062005023
198,2019-05-18 19:28:43.896466,2.569309508671805,2.6781362536479443,2.6237228811598747,0.7724550898203593,1.1612903225806452,0.9668727062005023
199,2019-05-18 19:28:43.981106,3.0790857784039134,2.7401088885866334,2.9095973334952734,0.8040540540540541,1.019736842105263,0.9118954480796586
200,2019-05-18 19:28:44.050115,3.0790857784039134,2.7401088885866334,2.9095973334952734,0.8040540540540541,1.019736842105263,0.9118954480796586
201,2019-05-18 19:28:44.112625,2.8085583490467134,2.932296140524982,2.870427244785848,0.7828947368421053,1.0875,0.9351973684210526
202,2019-05-18 19:28:44.166018,2.8085583490467134,2.932296140524982,2.870427244785848,0.7828947368421053,1.0875,0.9351973684210526
203,2019-05-18 19:28:44.250655,2.5385910352879697,2.326027649078458,2.432309342183214,0.8620689655172413,1.1104294478527608,0.986249206685001
204,2019-05-18 19:28:44.313166,2.5385910352879697,2.326027649078458,2.432309342183214,0.8620689655172413,1.1104294478527608,0.986249206685001
205,2019-05-18 19:28:44.382183,2.569309508671805,2.397302405523636,2.4833059570977207,0.8011049723756906,0.9534883720930233,0.8772966722343569
206,2019-05-18 19:28:44.451220,2.569309508671805,2.397302405523636,2.4833059570977207,0.8011049723756906,0.9534883720930233,0.8772966722343569
207,2019-05-18 19:28:44.518188,2.741420182202031,2.513412297914997,2.6274162400585137,0.8047337278106509,1.0758620689655172,0.9402978983880841
208,2019-05-18 19:28:44.587210,2.741420182202031,2.513412297914997,2.6274162400585137,0.8047337278106509,1.0758620689655172,0.9402978983880841
209,2019-05-18 19:28:44.665336,2.6966646065093074,2.396506466347054,2.5465855364281804,0.868421052631579,0.9473684210526315,0.9078947368421053
210,2019-05-18 19:28:44.718731,2.6966646065093074,2.396506466347054,2.5465855364281804,0.868421052631579,0.9473684210526315,0.9078947368421053
211,2019-05-18 19:28:44.787754,2.2203603311174516,2.4083189157584592,2.3143396234379554,0.8495145631067961,1.027027027027027,0.9382707950669116
212,2019-05-18 19:28:44.850248,2.2203603311174516,2.4083189157584592,2.3143396234379554,0.8495145631067961,1.027027027027027,0.9382707950669116
213,2019-05-18 19:28:44.919267,2.387346218150589,2.2269689856269133,2.3071576018887514,0.8534031413612565,0.989010989010989,0.9212070651861228
214,2019-05-18 19:28:44.988292,2.387346218150589,2.2269689856269133,2.3071576018887514,0.8534031413612565,0.989010989010989,0.9212070651861228
215,2019-05-18 19:28:45.050784,2.5385910352879697,2.397302405523636,2.467946720405803,0.7845303867403315,1.0285714285714285,0.90655090765588
216,2019-05-18 19:28:45.119800,2.5385910352879697,2.397302405523636,2.467946720405803,0.7845303867403315,1.0285714285714285,0.90655090765588
217,2019-05-18 19:28:45.188822,2.650394341213101,2.4782840619856095,2.5643392015993554,0.740506329113924,1.0758620689655172,0.9081841990397206
218,2019-05-18 19:28:45.251316,2.650394341213101,2.4782840619856095,2.5643392015993554,0.740506329113924,1.0758620689655172,0.9081841990397206
219,2019-05-18 19:28:45.320339,2.5385910352879697,2.513412297914997,2.5260016666014833,0.8021978021978022,1.1266666666666667,0.9644322344322345
220,2019-05-18 19:28:45.375764,2.5385910352879697,2.513412297914997,2.5260016666014833,0.8021978021978022,1.1266666666666667,0.9644322344322345
221,2019-05-18 19:28:45.450835,2.7202941017470885,2.7401088885866334,2.730201495166861,0.8343949044585988,1.129251700680272,0.9818233025694354
222,2019-05-18 19:28:45.519852,2.7202941017470885,2.7401088885866334,2.730201495166861,0.8343949044585988,1.129251700680272,0.9818233025694354
223,2019-05-18 19:28:45.582353,2.387346218150589,2.24964746251135,2.31849684033097,0.8092783505154639,1.065934065934066,0.9376062082247649
224,2019-05-18 19:28:45.651374,2.387346218150589,2.24964746251135,2.31849684033097,0.8092783505154639,1.065934065934066,0.9376062082247649
225,2019-05-18 19:28:45.720390,2.4006261225661154,2.2976483232337546,2.3491372228999348,0.8247422680412371,1.0837988826815643,0.9542705753614007
226,2019-05-18 19:28:45.782889,2.4006261225661154,2.2976483232337546,2.3491372228999348,0.8247422680412371,1.0837988826815643,0.9542705753614007
227,2019-05-18 19:28:45.851918,2.5385910352879697,2.6076809620810595,2.5731359986845144,0.7719298245614035,1.0121951219512195,0.8920624732563115
228,2019-05-18 19:28:45.920930,2.5385910352879697,2.6076809620810595,2.5731359986845144,0.7719298245614035,1.0121951219512195,0.8920624732563115
229,2019-05-18 19:28:45.983433,2.462434530100019,2.4840668741590104,2.4732507021295147,0.8603351955307262,1.1042944785276074,0.9823148370291668
230,2019-05-18 19:28:46.052454,2.462434530100019,2.4840668741590104,2.4732507021295147,0.8603351955307262,1.1042944785276074,0.9823148370291668
231,2019-05-18 19:28:46.121470,2.387346218150589,2.2269689856269133,2.3071576018887514,0.7540983606557377,0.989010989010989,0.8715546748333634
232,2019-05-18 19:28:46.253001,2.8085583490467134,2.595752498695274,2.7021554238709937,0.7352941176470589,1.025,0.8801470588235294
233,2019-05-18 19:28:46.322024,2.8085583490467134,2.595752498695274,2.7021554238709937,0.7352941176470589,1.025,0.8801470588235294
234,2019-05-18 19:28:46.384520,2.6184363941724453,2.7408751693966065,2.679655781784526,0.8719512195121951,1.0397350993377483,0.9558431594249717
235,2019-05-18 19:28:46.437908,2.6184363941724453,2.7408751693966065,2.679655781784526,0.8719512195121951,1.0397350993377483,0.9558431594249717
236,2019-05-18 19:28:46.538175,3.0790857784039134,2.5864367713929894,2.832761274898451,0.7894736842105263,1.0065359477124183,0.8980048159614723
237,2019-05-18 19:28:46.600675,3.0790857784039134,2.5864367713929894,2.832761274898451,0.7894736842105263,1.0065359477124183,0.8980048159614723
238,2019-05-18 19:28:46.654067,2.8085583490467134,2.6047499346812972,2.7066541418640053,0.7337278106508875,0.9936305732484076,0.8636791919496476
239,2019-05-18 19:28:46.723076,2.8085583490467134,2.6047499346812972,2.7066541418640053,0.7337278106508875,0.9936305732484076,0.8636791919496476
240,2019-05-18 19:28:46.785575,2.6508540184301035,2.6047499346812972,2.6278019765557,0.8857142857142857,0.9709302325581395,0.9283222591362126
241,2019-05-18 19:28:46.854590,2.6508540184301035,2.6047499346812972,2.6278019765557,0.8857142857142857,0.9709302325581395,0.9283222591362126
242,2019-05-18 19:28:46.923599,2.7540180436256017,2.7401088885866334,2.7470634661061175,0.7928994082840237,1.1818181818181819,0.9873587950511028
243,2019-05-18 19:28:46.986098,2.7540180436256017,2.7401088885866334,2.7470634661061175,0.7928994082840237,1.1818181818181819,0.9873587950511028
244,2019-05-18 19:28:47.108502,2.8554940297339364,2.397302405523636,2.626398217628786,0.7810650887573964,0.9759036144578314,0.878484351607614
245,2019-05-18 19:28:47.169874,2.8554940297339364,2.397302405523636,2.626398217628786,0.7810650887573964,0.9759036144578314,0.878484351607614
246,2019-05-18 19:28:47.239892,2.8085583490467134,2.6047499346812972,2.7066541418640053,0.7396449704142012,0.9871794871794872,0.8634122287968442
247,2019-05-18 19:28:47.324535,2.8085583490467134,2.5864367713929894,2.697497560219851,0.757396449704142,0.9936305732484076,0.8755135114762749
248,2019-05-18 19:28:47.387036,2.8085583490467134,2.5864367713929894,2.697497560219851,0.757396449704142,0.9936305732484076,0.8755135114762749
249,2019-05-18 19:28:47.456051,2.667467828369185,2.3886988828525824,2.5280833556108835,0.8364779874213837,0.9418604651162791,0.8891692262688313
250,2019-05-18 19:28:47.525066,2.667467828369185,2.3886988828525824,2.5280833556108835,0.8364779874213837,0.9418604651162791,0.8891692262688313
251,2019-05-18 19:28:47.587569,2.7540180436256017,2.841545383288688,2.7977817134571445,0.8048780487804879,1.054054054054054,0.9294660514172709
252,2019-05-18 19:28:47.656588,2.7540180436256017,2.841545383288688,2.7977817134571445,0.8048780487804879,1.054054054054054,0.9294660514172709
253,2019-05-18 19:28:47.725596,2.6184363941724453,2.689699380715378,2.6540678874439116,0.8232044198895028,1.18,1.0016022099447515
254,2019-05-18 19:28:47.803718,2.6184363941724453,2.689699380715378,2.6540678874439116,0.8232044198895028,1.18,1.0016022099447515
255,2019-05-18 19:28:47.857110,2.6184363941724453,2.6781362536479443,2.648286323910195,0.8066298342541437,1.044871794871795,0.9257508145629694
256,2019-05-18 19:28:47.988630,2.8085583490467134,2.6781362536479443,2.743347301347329,0.7692307692307693,1.044871794871795,0.9070512820512822
257,2019-05-18 19:28:48.042014,2.8085583490467134,2.6781362536479443,2.743347301347329,0.7692307692307693,1.044871794871795,0.9070512820512822
258,2019-05-18 19:28:48.126619,2.7540180436256017,2.829875743086872,2.791946893356237,0.7751479289940828,0.993421052631579,0.8842844908128309
259,2019-05-18 19:28:48.189117,2.7540180436256017,2.829875743086872,2.791946893356237,0.7751479289940828,0.993421052631579,0.8842844908128309
260,2019-05-18 19:28:48.258133,2.7540180436256017,2.503790230279162,2.628904136952382,0.86875,1.0758620689655172,0.9723060344827585
261,2019-05-18 19:28:48.311520,2.7540180436256017,2.503790230279162,2.628904136952382,0.86875,1.0758620689655172,0.9723060344827585
262,2019-05-18 19:28:48.389655,2.896894889359985,2.595752498695274,2.7463236940276294,0.8047337278106509,0.967948717948718,0.8863412228796844
263,2019-05-18 19:28:48.458660,2.896894889359985,2.595752498695274,2.7463236940276294,0.8047337278106509,0.967948717948718,0.8863412228796844
264,2019-05-18 19:28:48.527678,2.7957110008010484,2.595752498695274,2.695731749748161,0.7869822485207101,1.025,0.905991124260355
265,2019-05-18 19:28:48.590176,2.7957110008010484,2.595752498695274,2.695731749748161,0.7869822485207101,1.025,0.905991124260355
266,2019-05-18 19:28:48.659198,2.462434530100019,2.2269689856269133,2.344701757863466,0.8601036269430051,1.0883977900552486,0.9742507084991269
267,2019-05-18 19:28:48.728207,2.462434530100019,2.2269689856269133,2.344701757863466,0.8601036269430051,1.0883977900552486,0.9742507084991269
268,2019-05-18 19:28:48.790705,2.6508540184301035,2.3886988828525824,2.519776450641343,0.8418079096045198,1.0304878048780488,0.9361478572412842
269,2019-05-18 19:28:48.844097,2.6508540184301035,2.3886988828525824,2.519776450641343,0.8418079096045198,1.0304878048780488,0.9361478572412842
270,2019-05-18 19:28:48.928744,2.7540180436256017,2.829875743086872,2.791946893356237,0.7514792899408284,1.00625,0.8788646449704143
271,2019-05-18 19:28:48.991242,2.7540180436256017,2.829875743086872,2.791946893356237,0.7514792899408284,1.00625,0.8788646449704143
272,2019-05-18 19:28:49.060260,2.7540180436256017,2.595752498695274,2.674885271160438,0.7485380116959064,1.0188679245283019,0.8837029681121041
273,2019-05-18 19:28:49.113643,2.7540180436256017,2.595752498695274,2.674885271160438,0.7485380116959064,1.0188679245283019,0.8837029681121041
274,2019-05-18 19:28:49.207403,2.8085583490467134,2.513412297914997,2.660985323480855,0.7455621301775148,1.0774193548387097,0.9114907425081122
275,2019-05-18 19:28:49.260790,2.8085583490467134,2.513412297914997,2.660985323480855,0.7455621301775148,1.0774193548387097,0.9114907425081122
276,2019-05-18 19:28:49.329802,2.632129285419582,2.6076809620810595,2.619905123750321,0.807909604519774,1.050314465408805,0.9291120349642895
277,2019-05-18 19:28:49.392300,2.632129285419582,2.6076809620810595,2.619905123750321,0.807909604519774,1.050314465408805,0.9291120349642895
278,2019-05-18 19:28:49.461313,2.7540180436256017,2.3886988828525824,2.571358463239092,0.7869822485207101,0.9825581395348837,0.8847701940277969
279,2019-05-18 19:28:49.526869,2.7540180436256017,2.3886988828525824,2.571358463239092,0.7869822485207101,0.9825581395348837,0.8847701940277969
280,2019-05-18 19:28:49.607417,2.8406391480141875,2.473387769603369,2.657013458808778,0.8106508875739645,1.0290697674418605,0.9198603275079125
281,2019-05-18 19:28:49.675912,2.8406391480141875,2.473387769603369,2.657013458808778,0.8106508875739645,1.0290697674418605,0.9198603275079125
282,2019-05-18 19:28:49.732800,2.6184363941724453,2.6076809620810595,2.6130586781267526,0.8156424581005587,1.050314465408805,0.9329784617546819
283,2019-05-18 19:28:49.848691,2.7202941017470885,2.6076809620810595,2.6639875319140742,0.8535031847133758,0.9743589743589743,0.913931079536175
284,2019-05-18 19:28:49.917696,2.7202941017470885,2.6076809620810595,2.6639875319140742,0.8535031847133758,0.9743589743589743,0.913931079536175
285,2019-05-18 19:28:50.002342,2.526978613885104,2.560088680896436,2.54353364739077,0.7955801104972375,0.9745222929936306,0.8850512017454341
286,2019-05-18 19:28:50.064838,2.526978613885104,2.560088680896436,2.54353364739077,0.7955801104972375,0.9745222929936306,0.8850512017454341
287,2019-05-18 19:28:50.133858,2.3535772438347182,2.4723321046135687,2.4129546742241432,0.7927461139896373,1.0960451977401129,0.9443956558648752
288,2019-05-18 19:28:50.187238,2.3535772438347182,2.4723321046135687,2.4129546742241432,0.7927461139896373,1.0960451977401129,0.9443956558648752
289,2019-05-18 19:28:50.265370,2.896894889359985,2.829875743086872,2.8633853162234284,0.86875,1.0486111111111112,0.9586805555555555
290,2019-05-18 19:28:50.318753,2.896894889359985,2.829875743086872,2.8633853162234284,0.86875,1.0486111111111112,0.9586805555555555
291,2019-05-18 19:28:50.403396,2.5954742315204147,2.3075686547634287,2.451521443141922,0.73224043715847,1.0384615384615385,0.8853509878100043
292,2019-05-18 19:28:50.465892,2.5954742315204147,2.3075686547634287,2.451521443141922,0.73224043715847,1.0384615384615385,0.8853509878100043
293,2019-05-18 19:28:50.534905,2.581116456528485,2.397302405523636,2.4892094310260604,0.7458563535911602,0.9534883720930233,0.8496723628420917
294,2019-05-18 19:28:50.588288,2.581116456528485,2.397302405523636,2.4892094310260604,0.7458563535911602,0.9534883720930233,0.8496723628420917
295,2019-05-18 19:28:50.650796,2.7540180436256017,2.595752498695274,2.674885271160438,0.757396449704142,0.9936305732484076,0.8755135114762749
296,2019-05-18 19:28:50.719811,2.7540180436256017,2.595752498695274,2.674885271160438,0.757396449704142,0.9936305732484076,0.8755135114762749
297,2019-05-18 19:28:50.804459,2.581116456528485,2.595752498695274,2.5884344776118793,0.7458563535911602,0.967948717948718,0.8569025357699391
298,2019-05-18 19:28:50.866956,2.581116456528485,2.595752498695274,2.5884344776118793,0.7458563535911602,0.967948717948718,0.8569025357699391
299,2019-05-18 19:28:50.920350,2.8085583490467134,2.7401088885866334,2.7743336188166734,0.7396449704142012,1.1142857142857143,0.9269653423499578
300,2019-05-18 19:28:50.989354,2.8085583490467134,2.7401088885866334,2.7743336188166734,0.7396449704142012,1.1142857142857143,0.9269653423499578
301,2019-05-18 19:28:51.051859,2.2796116365475823,2.2269689856269133,2.2532903110872478,0.8938547486033519,0.989010989010989,0.9414328688071705
302,2019-05-18 19:28:51.120868,2.2796116365475823,2.2269689856269133,2.2532903110872478,0.8938547486033519,0.989010989010989,0.9414328688071705
303,2019-05-18 19:28:51.205516,2.7540180436256017,2.595752498695274,2.674885271160438,0.7529411764705882,1.0,0.8764705882352941
304,2019-05-18 19:28:51.268009,2.7540180436256017,2.595752498695274,2.674885271160438,0.7529411764705882,1.0,0.8764705882352941
305,2019-05-18 19:28:51.321395,2.387346218150589,2.3010427392513315,2.3441944787009605,0.8092783505154639,1.1366459627329193,0.9729621566241916
306,2019-05-18 19:28:51.406030,2.387346218150589,2.3010427392513315,2.3441944787009605,0.8092783505154639,1.1366459627329193,0.9729621566241916
307,2019-05-18 19:28:51.468533,3.1622776601683795,3.0999606606473207,3.13111916040785,0.8615384615384616,1.043103448275862,0.9523209549071618
308,2019-05-18 19:28:51.622183,2.6183964558485027,2.2360679774997894,2.4272322166741462,0.9013157894736842,0.9874213836477987,0.9443685865607414
309,2019-05-18 19:28:51.722443,2.6183964558485027,2.2360679774997894,2.4272322166741462,0.9013157894736842,0.9874213836477987,0.9443685865607414
310,2019-05-18 19:28:51.793491,2.6184363941724453,2.312370823101133,2.465403608636789,0.8914285714285715,1.0754716981132075,0.9834501347708895
311,2019-05-18 19:28:51.894306,2.6508540184301035,2.3886988828525824,2.519776450641343,0.8926553672316384,0.967741935483871,0.9301986513577547
312,2019-05-18 19:28:51.972828,2.6508540184301035,2.3886988828525824,2.519776450641343,0.8926553672316384,0.967741935483871,0.9301986513577547
313,2019-05-18 19:28:52.029712,2.707027890510181,2.6076809620810595,2.65735442629562,0.875,1.0214285714285714,0.9482142857142857
314,2019-05-18 19:28:52.129977,2.3010427392513315,2.396506466347054,2.3487746027991925,0.9106145251396648,1.0064516129032257,0.9585330690214453
315,2019-05-18 19:28:52.183355,2.3010427392513315,2.396506466347054,2.3487746027991925,0.9106145251396648,1.0064516129032257,0.9585330690214453
316,2019-05-18 19:28:52.277111,4.252058325093859,4.77040425506652,4.51123129008019,0.851063829787234,0.9438202247191011,0.8974420272531676
317,2019-05-18 19:28:52.346128,4.252058325093859,4.77040425506652,4.51123129008019,0.851063829787234,0.9438202247191011,0.8974420272531676
318,2019-05-18 19:28:52.399516,2.8706070116587914,2.6317730730814772,2.7511900423701343,0.8014184397163121,0.9492753623188406,0.8753469010175763
319,2019-05-18 19:28:52.477639,2.8706070116587914,2.6317730730814772,2.7511900423701343,0.8014184397163121,0.9492753623188406,0.8753469010175763
320,2019-05-18 19:28:52.531024,2.707027890510181,2.421170990557511,2.564099440533846,0.8355263157894737,0.9930555555555556,0.9142909356725146
321,2019-05-18 19:28:52.678168,2.4878081093985505,2.210066302983649,2.3489372061911,0.8647058823529412,0.9428571428571428,0.903781512605042
322,2019-05-18 19:28:52.731556,2.4878081093985505,2.210066302983649,2.3489372061911,0.8647058823529412,0.9428571428571428,0.903781512605042
323,2019-05-18 19:28:52.800571,2.2796116365475823,2.3886988828525824,2.3341552597000823,0.8941176470588236,1.0304878048780488,0.9623027259684362
324,2019-05-18 19:28:52.863069,2.2796116365475823,2.3886988828525824,2.3341552597000823,0.8941176470588236,1.0304878048780488,0.9623027259684362
325,2019-05-18 19:28:52.932090,2.7957110008010484,2.5864367713929894,2.691073886097019,0.8109756097560976,0.9936305732484076,0.9023030915022526
326,2019-05-18 19:28:53.001110,2.7957110008010484,2.5864367713929894,2.691073886097019,0.8109756097560976,0.9936305732484076,0.9023030915022526
327,2019-05-18 19:28:53.079233,2.2796116365475823,2.077190605645698,2.1784011210966403,0.888268156424581,0.9657142857142857,0.9269912210694333
328,2019-05-18 19:28:53.132623,2.2796116365475823,2.077190605645698,2.1784011210966403,0.888268156424581,0.9657142857142857,0.9269912210694333
329,2019-05-18 19:28:53.201640,2.7957110008010484,2.2360679774997894,2.515889489150419,0.7804878048780488,0.9629629629629629,0.8717253839205059
330,2019-05-18 19:28:53.264138,2.7957110008010484,2.2360679774997894,2.515889489150419,0.7804878048780488,0.9629629629629629,0.8717253839205059
331,2019-05-18 19:28:53.333159,2.707027890510181,2.4968946230509386,2.6019612567805597,0.8289473684210527,1.0689655172413792,0.9489564428312159
332,2019-05-18 19:28:53.386540,2.707027890510181,2.4968946230509386,2.6019612567805597,0.8289473684210527,1.0689655172413792,0.9489564428312159
333,2019-05-18 19:28:53.480300,2.3535772438347182,2.2269689856269133,2.290273114730816,0.7668393782383419,0.989010989010989,0.8779251836246655
334,2019-05-18 19:28:53.533695,2.3535772438347182,2.2269689856269133,2.290273114730816,0.7668393782383419,0.989010989010989,0.8779251836246655
335,2019-05-18 19:28:53.602711,2.581116456528485,2.312370823101133,2.446743639814809,0.7796610169491526,1.0432098765432098,0.9114354467461812
336,2019-05-18 19:28:53.665208,2.581116456528485,2.312370823101133,2.446743639814809,0.7796610169491526,1.0432098765432098,0.9114354467461812
337,2019-05-18 19:28:53.734225,2.7202941017470885,2.707027890510181,2.7136609961286347,0.8343949044585988,1.0145985401459854,0.9244967223022921
338,2019-05-18 19:28:53.789650,2.7202941017470885,2.707027890510181,2.7136609961286347,0.8343949044585988,1.0145985401459854,0.9244967223022921
339,2019-05-18 19:28:53.880572,2.4468199984010193,2.503790230279162,2.475305114340091,0.8773006134969326,1.0628930817610063,0.9700968476289694
340,2019-05-18 19:28:53.941112,2.4468199984010193,2.503790230279162,2.475305114340091,0.8773006134969326,1.0628930817610063,0.9700968476289694
341,2019-05-18 19:28:54.009434,2.8085583490467134,2.595752498695274,2.7021554238709937,0.7337278106508875,0.9871794871794872,0.8604536489151874
342,2019-05-18 19:28:54.071908,2.8085583490467134,2.595752498695274,2.7021554238709937,0.7337278106508875,0.9871794871794872,0.8604536489151874
343,2019-05-18 19:28:54.142588,2.8085583490467134,2.4878081093985505,2.648183229222632,0.793939393939394,1.1360544217687074,0.9649969078540507
344,2019-05-18 19:28:54.202984,2.8085583490467134,2.4878081093985505,2.648183229222632,0.793939393939394,1.1360544217687074,0.9649969078540507
345,2019-05-18 19:28:54.267933,2.5,2.513412297914997,2.506706148957498,0.8214285714285714,1.1266666666666667,0.974047619047619
346,2019-05-18 19:28:54.336950,2.5,2.513412297914997,2.506706148957498,0.8214285714285714,1.1266666666666667,0.974047619047619
347,2019-05-18 19:28:54.399447,2.650394341213101,2.722101406188566,2.6862478737008333,0.7083333333333334,1.0551724137931036,0.8817528735632185
348,2019-05-18 19:28:54.468458,2.650394341213101,2.722101406188566,2.6862478737008333,0.7083333333333334,1.0551724137931036,0.8817528735632185
349,2019-05-18 19:28:54.537481,2.7202941017470885,2.503790230279162,2.612042166013125,0.7735849056603774,1.0625,0.9180424528301887
350,2019-05-18 19:28:54.599978,2.7202941017470885,2.503790230279162,2.612042166013125,0.7735849056603774,1.0625,0.9180424528301887
351,2019-05-18 19:28:54.669005,2.9677756498246812,2.6966646065093074,2.8322201281669943,0.8413793103448276,0.993421052631579,0.9174001814882033
352,2019-05-18 19:28:54.738017,2.9677756498246812,2.6966646065093074,2.8322201281669943,0.8413793103448276,0.993421052631579,0.9174001814882033
353,2019-05-18 19:28:54.800515,2.5,2.306002397835598,2.4030011989177993,0.8630952380952381,1.0628930817610063,0.9629941599281222
354,2019-05-18 19:28:54.875911,2.5,2.306002397835598,2.4030011989177993,0.8630952380952381,1.0628930817610063,0.9629941599281222
355,2019-05-18 19:28:54.938403,2.7202941017470885,2.829875743086872,2.7750849224169802,0.8092105263157895,1.025,0.9171052631578946
356,2019-05-18 19:28:55.000900,2.7202941017470885,2.829875743086872,2.7750849224169802,0.8092105263157895,1.025,0.9171052631578946
357,2019-05-18 19:28:55.069914,2.98231969601362,2.6183964558485027,2.8003580759310616,0.8226950354609929,0.9781021897810219,0.9003986126210074
358,2019-05-18 19:28:55.138923,2.98231969601362,2.6183964558485027,2.8003580759310616,0.8226950354609929,0.9781021897810219,0.9003986126210074
359,2019-05-18 19:28:55.201425,2.7202941017470885,2.707027890510181,2.7136609961286347,0.7876712328767124,1.0785714285714285,0.9331213307240704
360,2019-05-18 19:28:55.270446,2.7202941017470885,2.707027890510181,2.7136609961286347,0.7876712328767124,1.0785714285714285,0.9331213307240704
361,2019-05-18 19:28:55.339461,2.8706070116587914,2.513412297914997,2.692009654786894,0.7586206896551724,1.0476190476190477,0.90311986863711
362,2019-05-18 19:28:55.417584,2.8706070116587914,2.513412297914997,2.692009654786894,0.7586206896551724,1.0476190476190477,0.90311986863711
363,2019-05-18 19:28:55.470973,2.98231969601362,2.6966646065093074,2.8394921512614637,0.8652482269503546,1.0,0.9326241134751774
364,2019-05-18 19:28:55.539984,2.98231969601362,2.6966646065093074,2.8394921512614637,0.8652482269503546,1.0,0.9326241134751774
365,2019-05-18 19:28:55.602483,2.707027890510181,2.6395478996892816,2.6732878950997314,0.821917808219178,1.0751879699248121,0.9485528890719951
366,2019-05-18 19:28:55.740522,4.778895043609751,5.4,5.089447521804876,0.8494623655913979,0.9324324324324325,0.8909473990119152
367,2019-05-18 19:28:55.803020,4.778895043609751,5.4,5.089447521804876,0.8494623655913979,0.9324324324324325,0.8909473990119152
368,2019-05-18 19:28:55.872034,2.7401088885866334,2.6317730730814772,2.6859409808340553,0.8169014084507042,0.9776119402985075,0.8972566743746059
369,2019-05-18 19:28:55.941057,2.7401088885866334,2.6317730730814772,2.6859409808340553,0.8169014084507042,0.9776119402985075,0.8972566743746059
370,2019-05-18 19:28:56.003553,2.98231969601362,2.6317730730814772,2.8070463845475486,0.7872340425531915,0.9407894736842105,0.864011758118701
371,2019-05-18 19:28:56.072563,2.98231969601362,2.6317730730814772,2.8070463845475486,0.7872340425531915,0.9407894736842105,0.864011758118701
372,2019-05-18 19:28:56.141577,2.707027890510181,2.722101406188566,2.7145646483493735,0.8089171974522293,1.006578947368421,0.9077480724103252
373,2019-05-18 19:28:56.204075,2.707027890510181,2.722101406188566,2.7145646483493735,0.8089171974522293,1.006578947368421,0.9077480724103252
374,2019-05-18 19:28:56.273086,3.0650009411468004,2.6966646065093074,2.880832773828054,0.8026315789473685,1.0,0.9013157894736843
375,2019-05-18 19:28:56.342097,3.0650009411468004,2.6966646065093074,2.880832773828054,0.8026315789473685,1.0,0.9013157894736843
376,2019-05-18 19:28:56.404595,2.707027890510181,2.595752498695274,2.6513901946027274,0.868421052631579,0.9871794871794872,0.9278002699055331
377,2019-05-18 19:28:56.477266,2.707027890510181,2.595752498695274,2.6513901946027274,0.868421052631579,0.9871794871794872,0.9278002699055331
378,2019-05-18 19:28:56.544323,2.7202941017470885,2.4878081093985505,2.6040511055728195,0.8407643312101911,1.0,0.9203821656050956
379,2019-05-18 19:28:56.613332,2.7202941017470885,2.4878081093985505,2.6040511055728195,0.8407643312101911,1.0,0.9203821656050956
380,2019-05-18 19:28:56.675834,2.98231969601362,2.421170990557511,2.7017453432855656,0.7872340425531915,0.9473684210526315,0.8673012318029115
381,2019-05-18 19:28:56.744848,2.98231969601362,2.421170990557511,2.7017453432855656,0.7872340425531915,0.9473684210526315,0.8673012318029115
382,2019-05-18 19:28:56.798224,2.7202941017470885,2.7401088885866334,2.730201495166861,0.8535031847133758,1.1153846153846154,0.9844439000489956
383,2019-05-18 19:28:56.860727,2.7202941017470885,2.7401088885866334,2.730201495166861,0.8535031847133758,1.1153846153846154,0.9844439000489956
384,2019-05-18 19:28:56.945366,2.7202941017470885,2.729618960978097,2.7249565313625927,0.8343949044585988,1.0364963503649636,0.9354456274117812
385,2019-05-18 19:28:57.014377,2.7202941017470885,2.729618960978097,2.7249565313625927,0.8343949044585988,1.0364963503649636,0.9354456274117812
386,2019-05-18 19:28:57.076875,2.7957110008010484,2.513412297914997,2.6545616493580226,0.7439024390243902,1.1133333333333333,0.9286178861788618
387,2019-05-18 19:28:57.145890,2.7957110008010484,2.513412297914997,2.6545616493580226,0.7439024390243902,1.1133333333333333,0.9286178861788618
388,2019-05-18 19:28:57.214901,2.7202941017470885,2.513412297914997,2.6168531998310427,0.8223684210526315,1.1575342465753424,0.9899513338139869
389,2019-05-18 19:28:57.277399,2.7202941017470885,2.513412297914997,2.6168531998310427,0.8223684210526315,1.1575342465753424,0.9899513338139869
390,2019-05-18 19:28:57.346413,2.7535372184001354,2.4311200767519088,2.5923286475760223,0.8037974683544303,0.9473684210526315,0.8755829447035309
391,2019-05-18 19:28:57.415429,2.7535372184001354,2.4311200767519088,2.5923286475760223,0.8037974683544303,0.9473684210526315,0.8755829447035309
392,2019-05-18 19:28:57.477931,2.7202941017470885,2.513412297914997,2.6168531998310427,0.8223684210526315,1.1575342465753424,0.9899513338139869
393,2019-05-18 19:28:57.615972,2.7202941017470885,2.4063542009730283,2.5633241513600584,0.8343949044585988,0.9473684210526315,0.8908816627556151
394,2019-05-18 19:28:57.678470,2.7202941017470885,2.4063542009730283,2.5633241513600584,0.8343949044585988,0.9473684210526315,0.8908816627556151
395,2019-05-18 19:28:57.747488,2.8085583490467134,2.7401088885866334,2.7743336188166734,0.727810650887574,1.1666666666666667,0.9472386587771204
396,2019-05-18 19:28:57.816505,2.8085583490467134,2.7401088885866334,2.7743336188166734,0.727810650887574,1.1666666666666667,0.9472386587771204
397,2019-05-18 19:28:57.879004,2.98231969601362,2.650394341213101,2.8163570186133606,0.823076923076923,0.9781021897810219,0.9005895564289725
398,2019-05-18 19:28:57.932393,2.98231969601362,2.650394341213101,2.8163570186133606,0.823076923076923,0.9781021897810219,0.9005895564289725
399,2019-05-18 19:28:58.017031,2.8085583490467134,2.829875743086872,2.8192170460667927,0.7337278106508875,1.0486111111111112,0.8911694608809994
400,2019-05-18 19:28:58.079529,2.8085583490467134,2.829875743086872,2.8192170460667927,0.7337278106508875,1.0486111111111112,0.8911694608809994
401,2019-05-18 19:28:58.148544,2.741420182202031,2.3886988828525824,2.5650595325273065,0.774390243902439,0.9825581395348837,0.8784741917186614
402,2019-05-18 19:28:58.201929,2.741420182202031,2.3886988828525824,2.5650595325273065,0.774390243902439,0.9825581395348837,0.8784741917186614
403,2019-05-18 19:28:58.264439,2.885640843369645,2.6395478996892816,2.762594371529463,0.7602739726027398,0.9562043795620438,0.8582391760823918
404,2019-05-18 19:28:58.333456,2.885640843369645,2.6395478996892816,2.762594371529463,0.7602739726027398,0.9562043795620438,0.8582391760823918
405,2019-05-18 19:28:58.418097,2.5,2.513412297914997,2.506706148957498,0.86875,1.1266666666666667,0.9977083333333334
406,2019-05-18 19:28:58.480593,2.5,2.513412297914997,2.506706148957498,0.86875,1.1266666666666667,0.9977083333333334
407,2019-05-18 19:28:58.549608,2.7535372184001354,2.513412297914997,2.633474758157566,0.810126582278481,1.0833333333333333,0.9467299578059072
408,2019-05-18 19:28:58.618628,2.7535372184001354,2.513412297914997,2.633474758157566,0.810126582278481,1.0833333333333333,0.9467299578059072
409,2019-05-18 19:28:58.681127,2.581116456528485,2.503790230279162,2.5424533434038237,0.7966101694915254,1.0758620689655172,0.9362361192285213
410,2019-05-18 19:28:58.734511,2.581116456528485,2.503790230279162,2.5424533434038237,0.7966101694915254,1.0758620689655172,0.9362361192285213
411,2019-05-18 19:28:58.819154,3.0650009411468004,2.627097132628007,2.8460490368874036,0.743421052631579,0.9492753623188406,0.8463482074752098
412,2019-05-18 19:28:58.880361,3.0650009411468004,2.627097132628007,2.8460490368874036,0.743421052631579,0.9492753623188406,0.8463482074752098
413,2019-05-18 19:28:58.950377,2.581116456528485,2.513412297914997,2.547264377221741,0.7624309392265194,1.0612244897959184,0.9118277145112189
414,2019-05-18 19:28:59.019389,2.581116456528485,2.513412297914997,2.547264377221741,0.7624309392265194,1.0612244897959184,0.9118277145112189
415,2019-05-18 19:28:59.081887,2.9677756498246812,2.829875743086872,2.8988256964557766,0.8794326241134752,0.9858156028368794,0.9326241134751774
416,2019-05-18 19:28:59.135273,2.9677756498246812,2.829875743086872,2.8988256964557766,0.8794326241134752,0.9858156028368794,0.9326241134751774
417,2019-05-18 19:28:59.219916,2.9677756498246812,2.7401088885866334,2.8539422692056573,0.8936170212765957,1.1,0.9968085106382979
418,2019-05-18 19:28:59.282413,2.9677756498246812,2.7401088885866334,2.8539422692056573,0.8936170212765957,1.1,0.9968085106382979
419,2019-05-18 19:28:59.351431,3.0650009411468004,2.650394341213101,2.857697641179951,0.7697368421052632,0.9781021897810219,0.8739195159431425
420,2019-05-18 19:28:59.404811,3.0650009411468004,2.650394341213101,2.857697641179951,0.7697368421052632,0.9781021897810219,0.8739195159431425
421,2019-05-18 19:28:59.482942,2.581116456528485,2.595752498695274,2.5884344776118793,0.7348066298342542,1.0628930817610063,0.8988498557976302
422,2019-05-18 19:28:59.551956,2.581116456528485,2.595752498695274,2.5884344776118793,0.7348066298342542,1.0628930817610063,0.8988498557976302
423,2019-05-18 19:28:59.620971,2.7202941017470885,2.513412297914997,2.6168531998310427,0.7924528301886793,1.0612244897959184,0.9268386599922989
424,2019-05-18 19:28:59.683473,2.7202941017470885,2.513412297914997,2.6168531998310427,0.7924528301886793,1.0612244897959184,0.9268386599922989
425,2019-05-18 19:28:59.755038,3.0790857784039134,2.513412297914997,2.796249038159455,0.7763157894736842,1.0263157894736843,0.9013157894736843
426,2019-05-18 19:28:59.805896,3.0790857784039134,2.513412297914997,2.796249038159455,0.7763157894736842,1.0263157894736843,0.9013157894736843
427,2019-05-18 19:28:59.884026,2.707027890510181,2.513412297914997,2.610220094212589,0.8424657534246576,1.0758620689655172,0.9591639111950874
428,2019-05-18 19:28:59.953042,2.707027890510181,2.513412297914997,2.610220094212589,0.8424657534246576,1.0758620689655172,0.9591639111950874
429,2019-05-18 19:29:00.022056,2.632109420217936,2.595752498695274,2.6139309594566047,0.7610062893081762,1.025,0.893003144654088
430,2019-05-18 19:29:00.084553,2.632109420217936,2.595752498695274,2.6139309594566047,0.7610062893081762,1.025,0.893003144654088
431,2019-05-18 19:29:00.153570,2.7202941017470885,2.595752498695274,2.6580233002211813,0.7861635220125787,1.025,0.9055817610062893
432,2019-05-18 19:29:00.285088,2.7202941017470885,2.513412297914997,2.6168531998310427,0.8152866242038217,1.0774193548387097,0.9463529895212657
433,2019-05-18 19:29:00.354098,2.7202941017470885,2.513412297914997,2.6168531998310427,0.8152866242038217,1.0774193548387097,0.9463529895212657
434,2019-05-18 19:29:00.423118,2.8085583490467134,2.6076809620810595,2.7081196555638867,0.7529411764705882,1.0314465408805031,0.8921938586755457
435,2019-05-18 19:29:00.469994,2.8085583490467134,2.6076809620810595,2.7081196555638867,0.7529411764705882,1.0314465408805031,0.8921938586755457
436,2019-05-18 19:29:00.539011,2.7202941017470885,2.312370823101133,2.516332462424111,0.8050314465408805,1.0308641975308641,0.9179478220358723
437,2019-05-18 19:29:00.610076,2.7202941017470885,2.312370823101133,2.516332462424111,0.8050314465408805,1.0308641975308641,0.9179478220358723
438,2019-05-18 19:29:00.685339,2.5,2.6047499346812972,2.552374967340649,0.8214285714285714,0.9709302325581395,0.8961794019933554
439,2019-05-18 19:29:00.750911,2.5,2.6047499346812972,2.552374967340649,0.8214285714285714,0.9709302325581395,0.8961794019933554
440,2019-05-18 19:29:00.821560,2.7202941017470885,2.6076809620810595,2.6639875319140742,0.7987421383647799,1.0314465408805031,0.9150943396226415
441,2019-05-18 19:29:00.890273,2.7202941017470885,2.6076809620810595,2.6639875319140742,0.7987421383647799,1.0314465408805031,0.9150943396226415
442,2019-05-18 19:29:00.952659,2.513412297914997,2.4878081093985505,2.5006102036567737,0.8235294117647058,1.0580645161290323,0.9407969639468691
443,2019-05-18 19:29:01.013131,2.513412297914997,2.4878081093985505,2.5006102036567737,0.8235294117647058,1.0580645161290323,0.9407969639468691
444,2019-05-18 19:29:01.093820,2.7202941017470885,2.7401088885866334,2.730201495166861,0.7987421383647799,1.1818181818181819,0.9902801600914809
445,2019-05-18 19:29:01.154552,2.7202941017470885,2.7401088885866334,2.730201495166861,0.7987421383647799,1.1818181818181819,0.9902801600914809
446,2019-05-18 19:29:01.219485,2.6183964558485027,2.348880878058814,2.4836386669536585,0.7388535031847133,1.0888888888888888,0.9138711960368011
447,2019-05-18 19:29:01.272867,2.6183964558485027,2.348880878058814,2.4836386669536585,0.7388535031847133,1.0888888888888888,0.9138711960368011
448,2019-05-18 19:29:01.351003,2.707027890510181,2.595752498695274,2.6513901946027274,0.8662420382165605,0.967948717948718,0.9170953780826392
449,2019-05-18 19:29:01.404390,2.707027890510181,2.595752498695274,2.6513901946027274,0.8662420382165605,0.967948717948718,0.9170953780826392
450,2019-05-18 19:29:01.489033,2.7202941017470885,2.513412297914997,2.6168531998310427,0.8471337579617835,1.0833333333333333,0.9652335456475584
451,2019-05-18 19:29:01.551530,2.7202941017470885,2.513412297914997,2.6168531998310427,0.8471337579617835,1.0833333333333333,0.9652335456475584
452,2019-05-18 19:29:01.620549,2.7202941017470885,2.829875743086872,2.7750849224169802,0.8662420382165605,1.0486111111111112,0.9574265746638358
453,2019-05-18 19:29:01.689563,2.7202941017470885,2.829875743086872,2.7750849224169802,0.8662420382165605,1.0486111111111112,0.9574265746638358
454,2019-05-18 19:29:01.752062,3.0262874684312724,2.396506466347054,2.711396967389163,0.8413793103448276,0.9473684210526315,0.8943738656987296
455,2019-05-18 19:29:01.805451,3.0262874684312724,2.396506466347054,2.711396967389163,0.8413793103448276,0.9473684210526315,0.8943738656987296
456,2019-05-18 19:29:01.889972,2.8085583490467134,2.581116456528485,2.6948374027875994,0.7692307692307693,0.9743589743589743,0.8717948717948718
457,2019-05-18 19:29:01.952468,2.8085583490467134,2.581116456528485,2.6948374027875994,0.7692307692307693,0.9743589743589743,0.8717948717948718
458,2019-05-18 19:29:02.021487,2.7202941017470885,2.513412297914997,2.6168531998310427,0.8662420382165605,1.0833333333333333,0.9747876857749469
459,2019-05-18 19:29:02.095134,2.7202941017470885,2.513412297914997,2.6168531998310427,0.8662420382165605,1.0833333333333333,0.9747876857749469
460,2019-05-18 19:29:02.162170,2.7540180436256017,2.595752498695274,2.674885271160438,0.7928994082840237,0.936046511627907,0.8644729599559653
461,2019-05-18 19:29:02.231185,2.7540180436256017,2.595752498695274,2.674885271160438,0.7928994082840237,0.936046511627907,0.8644729599559653
462,2019-05-18 19:29:02.315816,2.8085583490467134,2.6076809620810595,2.7081196555638867,0.7692307692307693,1.0,0.8846153846153846
463,2019-05-18 19:29:02.438703,2.8085583490467134,2.6076809620810595,2.7081196555638867,0.7692307692307693,1.0,0.8846153846153846
464,2019-05-18 19:29:02.539503,2.8085583490467134,2.513412297914997,2.660985323480855,0.8047337278106509,1.0123456790123457,0.9085397034114984
465,2019-05-18 19:29:02.630347,2.5148209328547284,2.6076809620810595,2.5612509474678937,0.8579881656804734,0.9743589743589743,0.9161735700197239
466,2019-05-18 19:29:02.711041,2.8241812972966165,2.4311200767519088,2.6276506870242624,0.793939393939394,0.9795918367346939,0.8867656153370439
467,2019-05-18 19:29:02.781490,2.8241812972966165,2.4311200767519088,2.6276506870242624,0.793939393939394,0.9795918367346939,0.8867656153370439
468,2019-05-18 19:29:02.850559,2.8085583490467134,2.6076809620810595,2.7081196555638867,0.7514792899408284,0.9743589743589743,0.8629191321499013
469,2019-05-18 19:29:02.964385,2.7202941017470885,2.4878081093985505,2.6040511055728195,0.8598726114649682,1.0272108843537415,0.9435417479093549
470,2019-05-18 19:29:03.017779,2.7202941017470885,2.4878081093985505,2.6040511055728195,0.8598726114649682,1.0272108843537415,0.9435417479093549
471,2019-05-18 19:29:03.086796,2.581116456528485,2.513412297914997,2.547264377221741,0.7624309392265194,1.0612244897959184,0.9118277145112189
472,2019-05-18 19:29:03.149295,2.581116456528485,2.513412297914997,2.547264377221741,0.7624309392265194,1.0612244897959184,0.9118277145112189
473,2019-05-18 19:29:03.218312,2.8085583490467134,2.6076809620810595,2.7081196555638867,0.7514792899408284,1.0314465408805031,0.8914629154106657
474,2019-05-18 19:29:03.287326,2.8085583490467134,2.6076809620810595,2.7081196555638867,0.7514792899408284,1.0314465408805031,0.8914629154106657
475,2019-05-18 19:29:03.403217,2.581116456528485,2.404384555090428,2.4927505058094566,0.7679558011049724,1.0060240963855422,0.8869899487452573
476,2019-05-18 19:29:03.519104,2.581116456528485,2.404384555090428,2.4927505058094566,0.7679558011049724,1.0060240963855422,0.8869899487452573
477,2019-05-18 19:29:03.603743,2.667467828369185,2.321257265819032,2.4943625470941084,0.8544303797468354,1.0308641975308641,0.9426472886388497
478,2019-05-18 19:29:03.672751,2.7202941017470885,2.321257265819032,2.52077568378306,0.8354430379746836,1.1045751633986929,0.9700091006866882
479,2019-05-18 19:29:03.773015,2.7202941017470885,2.513412297914997,2.6168531998310427,0.8662420382165605,1.0612244897959184,0.9637332640062395
480,2019-05-18 19:29:03.871489,2.7202941017470885,2.513412297914997,2.6168531998310427,0.8662420382165605,1.0612244897959184,0.9637332640062395
481,2019-05-18 19:29:03.951125,2.632109420217936,2.4311200767519088,2.5316147484849223,0.7735849056603774,0.9795918367346939,0.8765883711975356
482,2019-05-18 19:29:04.035767,2.2796116365475823,2.397302405523636,2.338457021035609,0.9005524861878453,0.9776536312849162,0.9391030587363808
483,2019-05-18 19:29:04.104783,2.2796116365475823,2.397302405523636,2.338457021035609,0.9005524861878453,0.9776536312849162,0.9391030587363808
484,2019-05-18 19:29:04.173788,2.7202941017470885,2.595752498695274,2.6580233002211813,0.8535031847133758,0.936046511627907,0.8947748481706415
485,2019-05-18 19:29:04.236294,2.7202941017470885,2.595752498695274,2.6580233002211813,0.8535031847133758,0.936046511627907,0.8947748481706415
